"","succint_phylogeny","final_represenatitve","accession","Ref","Other_Genome_ID","complete_name","SAG_ID","file_path","directory"
"1","include","HTCC9565","HTCC9565","prev_ref","HTCC9565","HTCC9565",NA,"/tank/kfreel_data/SAR11_genomes/Freel_manu_SAR11/01_SAR11_refs_fixed/HTCC9565_headers_fixed.fa","01_SAR11_refs_fixed"
"2","include","NP1","NP1","prev_ref","NP1","NP1",NA,"/tank/kfreel_data/SAR11_genomes/Freel_manu_SAR11/01_SAR11_refs_fixed/NP1_headers_fixed.fa","01_SAR11_refs_fixed"
"3","include","HTCC1062","HTCC1062","prev_ref","HTCC1062","HTCC1062",NA,"/tank/kfreel_data/SAR11_genomes/Freel_manu_SAR11/01_SAR11_refs_fixed/HTCC1062_headers_fixed.fa","01_SAR11_refs_fixed"
"4","include","GCA_902595535.1_AG-447-M05","GCA_902595535.1","Pachiadaki_2019","AG-447-M05","GCA_902595535.1_AG-447-M05","AG-447-M05","/tank/kfreel_data/SAR11_genomes/Freel_manu_SAR11/preprint/data/GENOMES/03_SAGs/GCA_902595535.1_AG-447-M05_genomic.fa","03_SAGs"
"5","include","HTCC7214","HTCC7214","prev_ref","HTCC7214","HTCC7214",NA,"/tank/kfreel_data/SAR11_genomes/Freel_manu_SAR11/01_SAR11_refs_fixed/HTCC7214_headers_fixed.fa","01_SAR11_refs_fixed"
"6","include","HTCC7211","HTCC7211","prev_ref","HTCC7211","HTCC7211",NA,"/tank/kfreel_data/SAR11_genomes/Freel_manu_SAR11/01_SAR11_refs_fixed/HTCC7211_headers_fixed.fa","01_SAR11_refs_fixed"
"7","include","HIMB1412","HIMB1412","this_study","HIMB1412","HIMB1412",NA,"/tank/SAR11_genomes/GenBank_submission/SAR11_genomes_7oct24/HIMB1412.fa","SAR11_genomes_7oct24"
"8","include","HIMB1420","HIMB1420","this_study","HIMB1420","HIMB1420",NA,"/tank/SAR11_genomes/GenBank_submission/SAR11_genomes_7oct24/HIMB1420.fa","SAR11_genomes_7oct24"
"9","include","HIMB1427","HIMB1427","this_study","HIMB1427","HIMB1427",NA,"/tank/SAR11_genomes/GenBank_submission/SAR11_genomes_7oct24/HIMB1427.fa","SAR11_genomes_7oct24"
"10","include","HIMB1520","HIMB1520","this_study","HIMB1520","HIMB1520",NA,"/tank/SAR11_genomes/GenBank_submission/SAR11_genomes_7oct24/HIMB1520.fa","SAR11_genomes_7oct24"
"11","include","HIMB5","HIMB5","prev_ref","HIMB5","HIMB5",NA,"/tank/kfreel_data/SAR11_genomes/Freel_manu_SAR11/01_SAR11_refs_fixed/HIMB5_headers_fixed.fa","01_SAR11_refs_fixed"
"12","include","HIMB1564","HIMB1564","this_study","HIMB1564","HIMB1564",NA,"/tank/SAR11_genomes/GenBank_submission/SAR11_genomes_7oct24/HIMB1564.fa","SAR11_genomes_7oct24"
"13","include","HIMB4","HIMB4","prev_ref","HIMB4","HIMB4",NA,"/tank/kfreel_data/SAR11_genomes/Freel_manu_SAR11/01_SAR11_refs_fixed/HIMB4_headers_fixed.fa","01_SAR11_refs_fixed"
"14","include","HTCC9022","HTCC9022","prev_ref","HTCC9022","HTCC9022",NA,"/tank/kfreel_data/SAR11_genomes/Freel_manu_SAR11/01_SAR11_refs_fixed/HTCC9022_headers_fixed.fa","01_SAR11_refs_fixed"
"15","include","HTCC8051","HTCC8051","prev_ref","HTCC8051","HTCC8051",NA,"/tank/kfreel_data/SAR11_genomes/Freel_manu_SAR11/01_SAR11_refs_fixed/HTCC8051_headers_fixed.fa","01_SAR11_refs_fixed"
"16","include","GCA_902558255.1_AG-390-L03","GCA_902558255.1","Pachiadaki_2019","AG-390-L03","GCA_902558255.1_AG-390-L03","AG-390-L03","/tank/kfreel_data/SAR11_genomes/Freel_manu_SAR11/preprint/data/GENOMES/03_SAGs/GCA_902558255.1_AG-390-L03_genomic.fa","03_SAGs"
"17","include","GCA_902555825.1_AG-390-D18","GCA_902555825.1","Pachiadaki_2019","AG-390-D18","GCA_902555825.1_AG-390-D18","AG-390-D18","/tank/kfreel_data/SAR11_genomes/Freel_manu_SAR11/preprint/data/GENOMES/03_SAGs/GCA_902555825.1_AG-390-D18_genomic.fa","03_SAGs"
"18","include","GCA_014653385.1_SAG-MED50","GCA_014653385.1","Haro-Moreno_2020","SAG-MED50","GCA_014653385.1_SAG-MED50","SAG-MED50","/tank/kfreel_data/SAR11_genomes/Freel_manu_SAR11/preprint/data/GENOMES/03_SAGs/GCA_014653385.1_ASM1465338v1_genomic.fa","03_SAGs"
"19","include","GCA_902629935.1_AH-324-N03","GCA_902629935.1","Pachiadaki_2019","AH-324-N03","GCA_902629935.1_AH-324-N03","AH-324-N03","/tank/kfreel_data/SAR11_genomes/Freel_manu_SAR11/preprint/data/GENOMES/03_SAGs/GCA_902629935.1_AH-324-N03_genomic.fa","03_SAGs"
"20","include","GCA_902629285.1_AH-324-J07","GCA_902629285.1","Pachiadaki_2019","AH-324-J07","GCA_902629285.1_AH-324-J07","AH-324-J07","/tank/kfreel_data/SAR11_genomes/Freel_manu_SAR11/preprint/data/GENOMES/03_SAGs/GCA_902629285.1_AH-324-J07_genomic.fa","03_SAGs"
"21","include","GCA_902624045.1_AH-287-E09","GCA_902624045.1","Pachiadaki_2019","AH-287-E09","GCA_902624045.1_AH-287-E09","AH-287-E09","/tank/kfreel_data/SAR11_genomes/Freel_manu_SAR11/preprint/data/GENOMES/03_SAGs/GCA_902624045.1_AH-287-E09_genomic.fa","03_SAGs"
"22","include","GCA_902628965.1_AH-324-F03","GCA_902628965.1","Pachiadaki_2019","AH-324-F03","GCA_902628965.1_AH-324-F03","AH-324-F03","/tank/kfreel_data/SAR11_genomes/Freel_manu_SAR11/preprint/data/GENOMES/03_SAGs/GCA_902628965.1_AH-324-F03_genomic.fa","03_SAGs"
"23","include","GCA_902623075.1_AH-287-B07","GCA_902623075.1","Pachiadaki_2019","AH-287-B07","GCA_902623075.1_AH-287-B07","AH-287-B07","/tank/kfreel_data/SAR11_genomes/Freel_manu_SAR11/preprint/data/GENOMES/03_SAGs/GCA_902623075.1_AH-287-B07_genomic.fa","03_SAGs"
"24","include","GCA_902589455.1_AG-439-D05","GCA_902589455.1","Pachiadaki_2019","AG-439-D05","GCA_902589455.1_AG-439-D05","AG-439-D05","/tank/kfreel_data/SAR11_genomes/Freel_manu_SAR11/preprint/data/GENOMES/03_SAGs/GCA_902589455.1_AG-439-D05_genomic.fa","03_SAGs"
"25","include","GCA_902611405.1_AG-891-A05","GCA_902611405.1","Pachiadaki_2019","AG-891-A05","GCA_902611405.1_AG-891-A05","AG-891-A05","/tank/kfreel_data/SAR11_genomes/Freel_manu_SAR11/preprint/data/GENOMES/03_SAGs/GCA_902611405.1_AG-891-A05_genomic.fa","03_SAGs"
"26","include","GCA_902613755.1_AG-891-I18","GCA_902613755.1","Pachiadaki_2019","AG-891-I18","GCA_902613755.1_AG-891-I18","AG-891-I18","/tank/kfreel_data/SAR11_genomes/Freel_manu_SAR11/preprint/data/GENOMES/03_SAGs/GCA_902613755.1_AG-891-I18_genomic.fa","03_SAGs"
"27","include","GCA_902589725.1_AG-914-B14","GCA_902589725.1","Pachiadaki_2019","AG-914-B14","GCA_902589725.1_AG-914-B14","AG-914-B14","/tank/kfreel_data/SAR11_genomes/Freel_manu_SAR11/preprint/data/GENOMES/03_SAGs/GCA_902589725.1_AG-914-B14_genomic.fa","03_SAGs"
"28","include","GCA_902566705.1_AG-410-O02","GCA_902566705.1","Pachiadaki_2019","AG-410-O02","GCA_902566705.1_AG-410-O02","AG-410-O02","/tank/kfreel_data/SAR11_genomes/Freel_manu_SAR11/preprint/data/GENOMES/03_SAGs/GCA_902566705.1_AG-410-O02_genomic.fa","03_SAGs"
"29","include","GCA_902593445.1_AG-447-E19","GCA_902593445.1","Pachiadaki_2019","AG-447-E19","GCA_902593445.1_AG-447-E19","AG-447-E19","/tank/kfreel_data/SAR11_genomes/Freel_manu_SAR11/preprint/data/GENOMES/03_SAGs/GCA_902593445.1_AG-447-E19_genomic.fa","03_SAGs"
"30","include","HIMB1444","HIMB1444","this_study","HIMB1444","HIMB1444",NA,"/tank/SAR11_genomes/GenBank_submission/SAR11_genomes_7oct24/HIMB1444.fa","SAR11_genomes_7oct24"
"31","include","GCA_902587755.1_AG-913-L03","GCA_902587755.1","Pachiadaki_2019","AG-913-L03","GCA_902587755.1_AG-913-L03","AG-913-L03","/tank/kfreel_data/SAR11_genomes/Freel_manu_SAR11/preprint/data/GENOMES/03_SAGs/GCA_902587755.1_AG-913-L03_genomic.fa","03_SAGs"
"32","include","GCA_902618695.1_AG-920-D05","GCA_902618695.1","Pachiadaki_2019","AG-920-D05","GCA_902618695.1_AG-920-D05","AG-920-D05","/tank/kfreel_data/SAR11_genomes/Freel_manu_SAR11/preprint/data/GENOMES/03_SAGs/GCA_902618695.1_AG-920-D05_genomic.fa","03_SAGs"
"33","include","GCA_902595885.1_AG-447-O14","GCA_902595885.1","Pachiadaki_2019","AG-447-O14","GCA_902595885.1_AG-447-O14","AG-447-O14","/tank/kfreel_data/SAR11_genomes/Freel_manu_SAR11/preprint/data/GENOMES/03_SAGs/GCA_902595885.1_AG-447-O14_genomic.fa","03_SAGs"
"34","include","GCA_902529645.1_AG-896-O18","GCA_902529645.1","Pachiadaki_2019","AG-896-O18","GCA_902529645.1_AG-896-O18","AG-896-O18","/tank/kfreel_data/SAR11_genomes/Freel_manu_SAR11/preprint/data/GENOMES/03_SAGs/GCA_902529645.1_AG-896-O18_genomic.fa","03_SAGs"
"35","include","GCA_902538845.1_AG-349-O05","GCA_902538845.1","Pachiadaki_2019","AG-349-O05","GCA_902538845.1_AG-349-O05","AG-349-O05","/tank/kfreel_data/SAR11_genomes/Freel_manu_SAR11/preprint/data/GENOMES/03_SAGs/GCA_902538845.1_AG-349-O05_genomic.fa","03_SAGs"
"36","include","GCA_902571845.1_AG-422-D23","GCA_902571845.1","Pachiadaki_2019","AG-422-D23","GCA_902571845.1_AG-422-D23","AG-422-D23","/tank/kfreel_data/SAR11_genomes/Freel_manu_SAR11/preprint/data/GENOMES/03_SAGs/GCA_902571845.1_AG-422-D23_genomic.fa","03_SAGs"
"37","include","HIMB2201","HIMB2201","this_study","HIMB2201","HIMB2201",NA,"/tank/SAR11_genomes/GenBank_submission/SAR11_genomes_7oct24/HIMB2201.fa","SAR11_genomes_7oct24"
"38","include","GCA_902599335.1_AG-916-N14","GCA_902599335.1","Pachiadaki_2019","AG-916-N14","GCA_902599335.1_AG-916-N14","AG-916-N14","/tank/kfreel_data/SAR11_genomes/Freel_manu_SAR11/preprint/data/GENOMES/03_SAGs/GCA_902599335.1_AG-916-N14_genomic.fa","03_SAGs"
"39","include","GCA_902555665.1_AG-390-D05","GCA_902555665.1","Pachiadaki_2019","AG-390-D05","GCA_902555665.1_AG-390-D05","AG-390-D05","/tank/kfreel_data/SAR11_genomes/Freel_manu_SAR11/preprint/data/GENOMES/03_SAGs/GCA_902555665.1_AG-390-D05_genomic.fa","03_SAGs"
"40","include","GCA_902633985.1_AG-426-M05","GCA_902633985.1","Pachiadaki_2019","AG-426-M05","GCA_902633985.1_AG-426-M05","AG-426-M05","/tank/kfreel_data/SAR11_genomes/Freel_manu_SAR11/preprint/data/GENOMES/03_SAGs/GCA_902633985.1_AG-426-M05_genomic.fa","03_SAGs"
"41","include","HIMB1456","HIMB1456","this_study","HIMB1456","HIMB1456",NA,"/tank/SAR11_genomes/GenBank_submission/SAR11_genomes_7oct24/HIMB1456.fa","SAR11_genomes_7oct24"
"42","include","GCA_902571425.1_AG-422-C20","GCA_902571425.1","Pachiadaki_2019","AG-422-C20","GCA_902571425.1_AG-422-C20","AG-422-C20","/tank/kfreel_data/SAR11_genomes/Freel_manu_SAR11/preprint/data/GENOMES/03_SAGs/GCA_902571425.1_AG-422-C20_genomic.fa","03_SAGs"
"43","include","GCA_902521615.1_AG-894-O09","GCA_902521615.1","Pachiadaki_2019","AG-894-O09","GCA_902521615.1_AG-894-O09","AG-894-O09","/tank/kfreel_data/SAR11_genomes/Freel_manu_SAR11/preprint/data/GENOMES/03_SAGs/GCA_902521615.1_AG-894-O09_genomic.fa","03_SAGs"
"44","include","GCA_902558545.1_AG-390-L16","GCA_902558545.1","Pachiadaki_2019","AG-390-L16","GCA_902558545.1_AG-390-L16","AG-390-L16","/tank/kfreel_data/SAR11_genomes/Freel_manu_SAR11/preprint/data/GENOMES/03_SAGs/GCA_902558545.1_AG-390-L16_genomic.fa","03_SAGs"
"45","include","GCA_902523515.1_AG-895-F17","GCA_902523515.1","Pachiadaki_2019","AG-895-F17","GCA_902523515.1_AG-895-F17","AG-895-F17","/tank/kfreel_data/SAR11_genomes/Freel_manu_SAR11/preprint/data/GENOMES/03_SAGs/GCA_902523515.1_AG-895-F17_genomic.fa","03_SAGs"
"46","include","GCA_902558835.1_AG-390-M14","GCA_902558835.1","Pachiadaki_2019","AG-390-M14","GCA_902558835.1_AG-390-M14","AG-390-M14","/tank/kfreel_data/SAR11_genomes/Freel_manu_SAR11/preprint/data/GENOMES/03_SAGs/GCA_902558835.1_AG-390-M14_genomic.fa","03_SAGs"
"47","include","GCA_902571135.1_AG-422-B22","GCA_902571135.1","Pachiadaki_2019","AG-422-B22","GCA_902571135.1_AG-422-B22","AG-422-B22","/tank/kfreel_data/SAR11_genomes/Freel_manu_SAR11/preprint/data/GENOMES/03_SAGs/GCA_902571135.1_AG-422-B22_genomic.fa","03_SAGs"
"48","include","GCA_902537795.1_AG-349-L17","GCA_902537795.1","Pachiadaki_2019","AG-349-L17","GCA_902537795.1_AG-349-L17","AG-349-L17","/tank/kfreel_data/SAR11_genomes/Freel_manu_SAR11/preprint/data/GENOMES/03_SAGs/GCA_902537795.1_AG-349-L17_genomic.fa","03_SAGs"
"49","include","GCA_902572515.1_AG-422-G03","GCA_902572515.1","Pachiadaki_2019","AG-422-G03","GCA_902572515.1_AG-422-G03","AG-422-G03","/tank/kfreel_data/SAR11_genomes/Freel_manu_SAR11/preprint/data/GENOMES/03_SAGs/GCA_902572515.1_AG-422-G03_genomic.fa","03_SAGs"
"50","include","HIMB2250","HIMB2250","this_study","HIMB2250","HIMB2250",NA,"/tank/SAR11_genomes/GenBank_submission/SAR11_genomes_7oct24/HIMB2250.fa","SAR11_genomes_7oct24"
"51","include","GCA_902615975.1_AG-892-A22","GCA_902615975.1","Pachiadaki_2019","AG-892-A22","GCA_902615975.1_AG-892-A22","AG-892-A22","/tank/kfreel_data/SAR11_genomes/Freel_manu_SAR11/preprint/data/GENOMES/03_SAGs/GCA_902615975.1_AG-892-A22_genomic.fa","03_SAGs"
"52","include","GCA_902592375.1_AG-447-C08","GCA_902592375.1","Pachiadaki_2019","AG-447-C08","GCA_902592375.1_AG-447-C08","AG-447-C08","/tank/kfreel_data/SAR11_genomes/Freel_manu_SAR11/preprint/data/GENOMES/03_SAGs/GCA_902592375.1_AG-447-C08_genomic.fa","03_SAGs"
"53","include","HIMB2304","HIMB2304","this_study","HIMB2304","HIMB2304",NA,"/tank/SAR11_genomes/GenBank_submission/SAR11_genomes_7oct24/HIMB2304.fa","SAR11_genomes_7oct24"
"54","include","HIMB123","HIMB123","this_study","HIMB123","HIMB123",NA,"/tank/SAR11_genomes/GenBank_submission/SAR11_genomes_7oct24/HIMB123.fa","SAR11_genomes_7oct24"
"55","include","FZCC0015","FZCC0015","prev_ref","FZCC0015","FZCC0015",NA,"/tank/kfreel_data/SAR11_genomes/Freel_manu_SAR11/01_SAR11_refs_fixed/FZCC0015_headers_fixed.fa","01_SAR11_refs_fixed"
"56","include","GCA_902557155.1_AG-390-G23","GCA_902557155.1","Pachiadaki_2019","AG-390-G23","GCA_902557155.1_AG-390-G23","AG-390-G23","/tank/kfreel_data/SAR11_genomes/Freel_manu_SAR11/preprint/data/GENOMES/03_SAGs/GCA_902557155.1_AG-390-G23_genomic.fa","03_SAGs"
"57","include","HIMB1409","HIMB1409","this_study","HIMB1409","HIMB1409",NA,"/tank/SAR11_genomes/GenBank_submission/SAR11_genomes_7oct24/HIMB1409.fa","SAR11_genomes_7oct24"
"58","include","HIMB1413","HIMB1413","this_study","HIMB1413","HIMB1413",NA,"/tank/SAR11_genomes/GenBank_submission/SAR11_genomes_7oct24/HIMB1413.fa","SAR11_genomes_7oct24"
"59","include","HIMB83","HIMB83","prev_ref","HIMB83","HIMB83",NA,"/tank/kfreel_data/SAR11_genomes/Freel_manu_SAR11/01_SAR11_refs_fixed/HIMB083_headers_fixed.fa","01_SAR11_refs_fixed"
"60","include","GCA_902599105.1_AG-916-M13","GCA_902599105.1","Pachiadaki_2019","AG-916-M13","GCA_902599105.1_AG-916-M13","AG-916-M13","/tank/kfreel_data/SAR11_genomes/Freel_manu_SAR11/preprint/data/GENOMES/03_SAGs/GCA_902599105.1_AG-916-M13_genomic.fa","03_SAGs"
"61","include","GCA_902533445.1_AG-898-C07","GCA_902533445.1","Pachiadaki_2019","AG-898-C07","GCA_902533445.1_AG-898-C07","AG-898-C07","/tank/kfreel_data/SAR11_genomes/Freel_manu_SAR11/preprint/data/GENOMES/03_SAGs/GCA_902533445.1_AG-898-C07_genomic.fa","03_SAGs"
"62","include","HIMB1685","HIMB1685","this_study","HIMB1685","HIMB1685",NA,"/tank/SAR11_genomes/GenBank_submission/SAR11_genomes_7oct24/HIMB1685.fa","SAR11_genomes_7oct24"
"63","include","HIMB1695","HIMB1695","this_study","HIMB1695","HIMB1695",NA,"/tank/SAR11_genomes/GenBank_submission/SAR11_genomes_7oct24/HIMB1695.fa","SAR11_genomes_7oct24"
"64","include","GCA_902555435.1_AG-390-C17","GCA_902555435.1","Pachiadaki_2019","AG-390-C17","GCA_902555435.1_AG-390-C17","AG-390-C17","/tank/kfreel_data/SAR11_genomes/Freel_manu_SAR11/preprint/data/GENOMES/03_SAGs/GCA_902555435.1_AG-390-C17_genomic.fa","03_SAGs"
"65","include","GCA_902594715.1_AG-447-K11","GCA_902594715.1","Pachiadaki_2019","AG-447-K11","GCA_902594715.1_AG-447-K11","AG-447-K11","/tank/kfreel_data/SAR11_genomes/Freel_manu_SAR11/preprint/data/GENOMES/03_SAGs/GCA_902594715.1_AG-447-K11_genomic.fa","03_SAGs"
"66","include","HIMB1709","HIMB1709","this_study","HIMB1709","HIMB1709",NA,"/tank/SAR11_genomes/GenBank_submission/SAR11_genomes_7oct24/HIMB1709.fa","SAR11_genomes_7oct24"
"67","include","HIMB140","HIMB1409","this_study","HIMB1409","HIMB1409",NA,"/tank/SAR11_genomes/GenBank_submission/SAR11_genomes_7oct24/HIMB1409.fa","SAR11_genomes_7oct24"
"68","include","GCA_902539165.1_AG-899-J02","GCA_902539165.1","Pachiadaki_2019","AG-899-J02","GCA_902539165.1_AG-899-J02","AG-899-J02","/tank/kfreel_data/SAR11_genomes/Freel_manu_SAR11/preprint/data/GENOMES/03_SAGs/GCA_902539165.1_AG-899-J02_genomic.fa","03_SAGs"
"69","include","GCA_902578255.1_AG-911-D18","GCA_902578255.1","Pachiadaki_2019","AG-911-D18","GCA_902578255.1_AG-911-D18","AG-911-D18","/tank/kfreel_data/SAR11_genomes/Freel_manu_SAR11/preprint/data/GENOMES/03_SAGs/GCA_902578255.1_AG-911-D18_genomic.fa","03_SAGs"
"70","include","GCA_902583295.1_AG-430-K19","GCA_902583295.1","Pachiadaki_2019","AG-430-K19","GCA_902583295.1_AG-430-K19","AG-430-K19","/tank/kfreel_data/SAR11_genomes/Freel_manu_SAR11/preprint/data/GENOMES/03_SAGs/GCA_902583295.1_AG-430-K19_genomic.fa","03_SAGs"
"71","include","GCA_902590915.1_AG-914-G22","GCA_902590915.1","Pachiadaki_2019","AG-914-G22","GCA_902590915.1_AG-914-G22","AG-914-G22","/tank/kfreel_data/SAR11_genomes/Freel_manu_SAR11/preprint/data/GENOMES/03_SAGs/GCA_902590915.1_AG-914-G22_genomic.fa","03_SAGs"
"72","include","GCA_902613855.1_AG-891-J07","GCA_902613855.1","Pachiadaki_2019","AG-891-J07","GCA_902613855.1_AG-891-J07","AG-891-J07","/tank/kfreel_data/SAR11_genomes/Freel_manu_SAR11/preprint/data/GENOMES/03_SAGs/GCA_902613855.1_AG-891-J07_genomic.fa","03_SAGs"
"73","include","GCA_902604525.1_AG-461-B13","GCA_902604525.1","Pachiadaki_2019","AG-461-B13","GCA_902604525.1_AG-461-B13","AG-461-B13","/tank/kfreel_data/SAR11_genomes/Freel_manu_SAR11/preprint/data/GENOMES/03_SAGs/GCA_902604525.1_AG-461-B13_genomic.fa","03_SAGs"
"74","include","GCA_014653985.1_SAG-MED22","GCA_014653985.1","Haro-Moreno_2020","SAG-MED22","GCA_014653985.1_SAG-MED22","SAG-MED22","/tank/kfreel_data/SAR11_genomes/Freel_manu_SAR11/preprint/data/GENOMES/03_SAGs/GCA_014653985.1_ASM1465398v1_genomic.fa","03_SAGs"
"75","include","GCA_902622795.1_AG-893-L06","GCA_902622795.1","Pachiadaki_2019","AG-893-L06","GCA_902622795.1_AG-893-L06","AG-893-L06","/tank/kfreel_data/SAR11_genomes/Freel_manu_SAR11/preprint/data/GENOMES/03_SAGs/GCA_902622795.1_AG-893-L06_genomic.fa","03_SAGs"
"76","include","GCA_902621225.1_AG-920-O11","GCA_902621225.1","Pachiadaki_2019","AG-920-O11","GCA_902621225.1_AG-920-O11","AG-920-O11","/tank/kfreel_data/SAR11_genomes/Freel_manu_SAR11/preprint/data/GENOMES/03_SAGs/GCA_902621225.1_AG-920-O11_genomic.fa","03_SAGs"
"77","include","GCA_902525625.1_AG-337-G11","GCA_902525625.1","Pachiadaki_2019","AG-337-G11","GCA_902525625.1_AG-337-G11","AG-337-G11","/tank/kfreel_data/SAR11_genomes/Freel_manu_SAR11/preprint/data/GENOMES/03_SAGs/GCA_902525625.1_AG-337-G11_genomic.fa","03_SAGs"
"78","include","GCA_902541315.1_AG-359-G18","GCA_902541315.1","Pachiadaki_2019","AG-359-G18","GCA_902541315.1_AG-359-G18","AG-359-G18","/tank/kfreel_data/SAR11_genomes/Freel_manu_SAR11/preprint/data/GENOMES/03_SAGs/GCA_902541315.1_AG-359-G18_genomic.fa","03_SAGs"
"79","include","GCA_902621345.1_AG-893-F11","GCA_902621345.1","Pachiadaki_2019","AG-893-F11","GCA_902621345.1_AG-893-F11","AG-893-F11","/tank/kfreel_data/SAR11_genomes/Freel_manu_SAR11/preprint/data/GENOMES/03_SAGs/GCA_902621345.1_AG-893-F11_genomic.fa","03_SAGs"
"80","include","GCA_902614355.1_AG-891-L02","GCA_902614355.1","Pachiadaki_2019","AG-891-L02","GCA_902614355.1_AG-891-L02","AG-891-L02","/tank/kfreel_data/SAR11_genomes/Freel_manu_SAR11/preprint/data/GENOMES/03_SAGs/GCA_902614355.1_AG-891-L02_genomic.fa","03_SAGs"
"81","include","GCA_902620465.1_AG-920-L03","GCA_902620465.1","Pachiadaki_2019","AG-920-L03","GCA_902620465.1_AG-920-L03","AG-920-L03","/tank/kfreel_data/SAR11_genomes/Freel_manu_SAR11/preprint/data/GENOMES/03_SAGs/GCA_902620465.1_AG-920-L03_genomic.fa","03_SAGs"
"82","include","GCA_902618485.1_AG-892-K05","GCA_902618485.1","Pachiadaki_2019","AG-892-K05","GCA_902618485.1_AG-892-K05","AG-892-K05","/tank/kfreel_data/SAR11_genomes/Freel_manu_SAR11/preprint/data/GENOMES/03_SAGs/GCA_902618485.1_AG-892-K05_genomic.fa","03_SAGs"
"83","include","GCA_902544135.1_AG-900-K21","GCA_902544135.1","Pachiadaki_2019","AG-900-K21","GCA_902544135.1_AG-900-K21","AG-900-K21","/tank/kfreel_data/SAR11_genomes/Freel_manu_SAR11/preprint/data/GENOMES/03_SAGs/GCA_902544135.1_AG-900-K21_genomic.fa","03_SAGs"
"84","include","GCA_902524345.1_AG-895-J19","GCA_902524345.1","Pachiadaki_2019","AG-895-J19","GCA_902524345.1_AG-895-J19","AG-895-J19","/tank/kfreel_data/SAR11_genomes/Freel_manu_SAR11/preprint/data/GENOMES/03_SAGs/GCA_902524345.1_AG-895-J19_genomic.fa","03_SAGs"
"85","include","GCA_902628195.1_AH-321-P04","GCA_902628195.1","Pachiadaki_2019","AH-321-P04","GCA_902628195.1_AH-321-P04","AH-321-P04","/tank/kfreel_data/SAR11_genomes/Freel_manu_SAR11/preprint/data/GENOMES/03_SAGs/GCA_902628195.1_AH-321-P04_genomic.fa","03_SAGs"
"86","include","GCA_902627735.1_AH-321-L23","GCA_902627735.1","Pachiadaki_2019","AH-321-L23","GCA_902627735.1_AH-321-L23","AH-321-L23","/tank/kfreel_data/SAR11_genomes/Freel_manu_SAR11/preprint/data/GENOMES/03_SAGs/GCA_902627735.1_AH-321-L23_genomic.fa","03_SAGs"
"87","include","GCA_902540275.1_AG-359-D09","GCA_902540275.1","Pachiadaki_2019","AG-359-D09","GCA_902540275.1_AG-359-D09","AG-359-D09","/tank/kfreel_data/SAR11_genomes/Freel_manu_SAR11/preprint/data/GENOMES/03_SAGs/GCA_902540275.1_AG-359-D09_genomic.fa","03_SAGs"
"88","include","GCA_902524535.1_AG-895-K10","GCA_902524535.1","Pachiadaki_2019","AG-895-K10","GCA_902524535.1_AG-895-K10","AG-895-K10","/tank/kfreel_data/SAR11_genomes/Freel_manu_SAR11/preprint/data/GENOMES/03_SAGs/GCA_902524535.1_AG-895-K10_genomic.fa","03_SAGs"
"89","include","GCA_902557215.1_AG-905-A07","GCA_902557215.1","Pachiadaki_2019","AG-905-A07","GCA_902557215.1_AG-905-A07","AG-905-A07","/tank/kfreel_data/SAR11_genomes/Freel_manu_SAR11/preprint/data/GENOMES/03_SAGs/GCA_902557215.1_AG-905-A07_genomic.fa","03_SAGs"
"90","include","GCA_902540235.1_AG-899-M07","GCA_902540235.1","Pachiadaki_2019","AG-899-M07","GCA_902540235.1_AG-899-M07","AG-899-M07","/tank/kfreel_data/SAR11_genomes/Freel_manu_SAR11/preprint/data/GENOMES/03_SAGs/GCA_902540235.1_AG-899-M07_genomic.fa","03_SAGs"
"91","include","GCA_902615445.1_AG-919-F03","GCA_902615445.1","Pachiadaki_2019","AG-919-F03","GCA_902615445.1_AG-919-F03","AG-919-F03","/tank/kfreel_data/SAR11_genomes/Freel_manu_SAR11/preprint/data/GENOMES/03_SAGs/GCA_902615445.1_AG-919-F03_genomic.fa","03_SAGs"
"92","include","GCA_902597885.1_AG-916-G19","GCA_902597885.1","Pachiadaki_2019","AG-916-G19","GCA_902597885.1_AG-916-G19","AG-916-G19","/tank/kfreel_data/SAR11_genomes/Freel_manu_SAR11/preprint/data/GENOMES/03_SAGs/GCA_902597885.1_AG-916-G19_genomic.fa","03_SAGs"
"93","include","GCA_014654265.1_SAG-MED11","GCA_014654265.1","Haro-Moreno_2020","SAG-MED11","GCA_014654265.1_SAG-MED11","SAG-MED11","/tank/kfreel_data/SAR11_genomes/Freel_manu_SAR11/preprint/data/GENOMES/03_SAGs/GCA_014654265.1_ASM1465426v1_genomic.fa","03_SAGs"
"94","include","GCA_902555725.1_AG-390-D15","GCA_902555725.1","Pachiadaki_2019","AG-390-D15","GCA_902555725.1_AG-390-D15","AG-390-D15","/tank/kfreel_data/SAR11_genomes/Freel_manu_SAR11/preprint/data/GENOMES/03_SAGs/GCA_902555725.1_AG-390-D15_genomic.fa","03_SAGs"
"95","include","HIMB1483","HIMB1483","this_study","HIMB1483","HIMB1483",NA,"/tank/SAR11_genomes/GenBank_submission/SAR11_genomes_7oct24/HIMB1483.fa","SAR11_genomes_7oct24"
"96","include","GCA_902586125.1_AG-913-B21","GCA_902586125.1","Pachiadaki_2019","AG-913-B21","GCA_902586125.1_AG-913-B21","AG-913-B21","/tank/kfreel_data/SAR11_genomes/Freel_manu_SAR11/preprint/data/GENOMES/03_SAGs/GCA_902586125.1_AG-913-B21_genomic.fa","03_SAGs"
"97","include","GCA_902627805.1_AH-321-M13","GCA_902627805.1","Pachiadaki_2019","AH-321-M13","GCA_902627805.1_AH-321-M13","AH-321-M13","/tank/kfreel_data/SAR11_genomes/Freel_manu_SAR11/preprint/data/GENOMES/03_SAGs/GCA_902627805.1_AH-321-M13_genomic.fa","03_SAGs"
"98","include","GCA_902626645.1_AH-321-D17","GCA_902626645.1","Pachiadaki_2019","AH-321-D17","GCA_902626645.1_AH-321-D17","AH-321-D17","/tank/kfreel_data/SAR11_genomes/Freel_manu_SAR11/preprint/data/GENOMES/03_SAGs/GCA_902626645.1_AH-321-D17_genomic.fa","03_SAGs"
"99","include","GCA_902624315.1_AH-287-G05","GCA_902624315.1","Pachiadaki_2019","AH-287-G05","GCA_902624315.1_AH-287-G05","AH-287-G05","/tank/kfreel_data/SAR11_genomes/Freel_manu_SAR11/preprint/data/GENOMES/03_SAGs/GCA_902624315.1_AH-287-G05_genomic.fa","03_SAGs"
"100","include","GCA_902595245.1_AG-447-N18","GCA_902595245.1","Pachiadaki_2019","AG-447-N18","GCA_902595245.1_AG-447-N18","AG-447-N18","/tank/kfreel_data/SAR11_genomes/Freel_manu_SAR11/preprint/data/GENOMES/03_SAGs/GCA_902595245.1_AG-447-N18_genomic.fa","03_SAGs"
"101","include","GCA_902552805.1_AG-903-O08","GCA_902552805.1","Pachiadaki_2019","AG-903-O08","GCA_902552805.1_AG-903-O08","AG-903-O08","/tank/kfreel_data/SAR11_genomes/Freel_manu_SAR11/preprint/data/GENOMES/03_SAGs/GCA_902552805.1_AG-903-O08_genomic.fa","03_SAGs"
"102","include","GCA_902518155.1_AG-894-B07","GCA_902518155.1","Pachiadaki_2019","AG-894-B07","GCA_902518155.1_AG-894-B07","AG-894-B07","/tank/kfreel_data/SAR11_genomes/Freel_manu_SAR11/preprint/data/GENOMES/03_SAGs/GCA_902518155.1_AG-894-B07_genomic.fa","03_SAGs"
"103","include","HIMB1437","HIMB1437","this_study","HIMB1437","HIMB1437",NA,"/tank/SAR11_genomes/GenBank_submission/SAR11_genomes_7oct24/HIMB1437.fa","SAR11_genomes_7oct24"
"104","include","GCA_902609685.1_AG-917-K06","GCA_902609685.1","Pachiadaki_2019","AG-917-K06","GCA_902609685.1_AG-917-K06","AG-917-K06","/tank/kfreel_data/SAR11_genomes/Freel_manu_SAR11/preprint/data/GENOMES/03_SAGs/GCA_902609685.1_AG-917-K06_genomic.fa","03_SAGs"
"105","include","HIMB1835","HIMB1835","this_study","HIMB1835","HIMB1835",NA,"/tank/SAR11_genomes/GenBank_submission/SAR11_genomes_7oct24/HIMB1835.fa","SAR11_genomes_7oct24"
"106","include","HIMB2204","GCA_902616875.1","Pachiadaki_2019","AG-919-L14","GCA_902616875.1_AG-919-L14","AG-919-L14","/tank/kfreel_data/SAR11_genomes/Freel_manu_SAR11/preprint/data/GENOMES/03_SAGs/GCA_902616875.1_AG-919-L14_genomic.fa","03_SAGs"
"107","include","GCA_902524545.1_AG-337-D17","GCA_902524545.1","Pachiadaki_2019","AG-337-D17","GCA_902524545.1_AG-337-D17","AG-337-D17","/tank/kfreel_data/SAR11_genomes/Freel_manu_SAR11/preprint/data/GENOMES/03_SAGs/GCA_902524545.1_AG-337-D17_genomic.fa","03_SAGs"
"108","include","GCA_902625035.1_AH-287-J18","GCA_902625035.1","Pachiadaki_2019","AH-287-J18","GCA_902625035.1_AH-287-J18","AH-287-J18","/tank/kfreel_data/SAR11_genomes/Freel_manu_SAR11/preprint/data/GENOMES/03_SAGs/GCA_902625035.1_AH-287-J18_genomic.fa","03_SAGs"
"109","include","GCA_902580895.1_AG-911-G06","GCA_902580895.1","Pachiadaki_2019","AG-911-G06","GCA_902580895.1_AG-911-G06","AG-911-G06","/tank/kfreel_data/SAR11_genomes/Freel_manu_SAR11/preprint/data/GENOMES/03_SAGs/GCA_902580895.1_AG-911-G06_genomic.fa","03_SAGs"
"110","include","HIMB2187","HIMB2187","this_study","HIMB2187","HIMB2187",NA,"/tank/SAR11_genomes/GenBank_submission/SAR11_genomes_7oct24/HIMB2187.fa","SAR11_genomes_7oct24"
"111","include","HIMB2226","HIMB2226","this_study","HIMB2226","HIMB2226",NA,"/tank/SAR11_genomes/GenBank_submission/SAR11_genomes_7oct24/HIMB2226.fa","SAR11_genomes_7oct24"
"112","include","GCA_902617625.1_AG-919-O02","GCA_902617625.1","Pachiadaki_2019","AG-919-O02","GCA_902617625.1_AG-919-O02","AG-919-O02","/tank/kfreel_data/SAR11_genomes/Freel_manu_SAR11/preprint/data/GENOMES/03_SAGs/GCA_902617625.1_AG-919-O02_genomic.fa","03_SAGs"
"113","include","GCA_902573465.1_AG-910-B05","GCA_902573465.1","Pachiadaki_2019","AG-910-B05","GCA_902573465.1_AG-910-B05","AG-910-B05","/tank/kfreel_data/SAR11_genomes/Freel_manu_SAR11/preprint/data/GENOMES/03_SAGs/GCA_902573465.1_AG-910-B05_genomic.fa","03_SAGs"
"114","include","GCA_902531765.1_AG-897-G15","GCA_902531765.1","Pachiadaki_2019","AG-897-G15","GCA_902531765.1_AG-897-G15","AG-897-G15","/tank/kfreel_data/SAR11_genomes/Freel_manu_SAR11/preprint/data/GENOMES/03_SAGs/GCA_902531765.1_AG-897-G15_genomic.fa","03_SAGs"
"115","include","RS39","RS39","prev_ref","RS39","RS39",NA,"/tank/kfreel_data/SAR11_genomes/Freel_manu_SAR11/01_SAR11_refs_fixed/RS39_headers_fixed.fa","01_SAR11_refs_fixed"
"116","include","GCA_902576375.1_AG-426-D09","GCA_902576375.1","Pachiadaki_2019","AG-426-D09","GCA_902576375.1_AG-426-D09","AG-426-D09","/tank/kfreel_data/SAR11_genomes/Freel_manu_SAR11/preprint/data/GENOMES/03_SAGs/GCA_902576375.1_AG-426-D09_genomic.fa","03_SAGs"
"117","include","GCA_902596925.1_AG-447-P22","GCA_902596925.1","Pachiadaki_2019","AG-447-P22","GCA_902596925.1_AG-447-P22","AG-447-P22","/tank/kfreel_data/SAR11_genomes/Freel_manu_SAR11/preprint/data/GENOMES/03_SAGs/GCA_902596925.1_AG-447-P22_genomic.fa","03_SAGs"
"118","include","GCA_902520335.1_AG-894-K14","GCA_902520335.1","Pachiadaki_2019","AG-894-K14","GCA_902520335.1_AG-894-K14","AG-894-K14","/tank/kfreel_data/SAR11_genomes/Freel_manu_SAR11/preprint/data/GENOMES/03_SAGs/GCA_902520335.1_AG-894-K14_genomic.fa","03_SAGs"
"119","include","GCA_902539445.1_AG-899-J23","GCA_902539445.1","Pachiadaki_2019","AG-899-J23","GCA_902539445.1_AG-899-J23","AG-899-J23","/tank/kfreel_data/SAR11_genomes/Freel_manu_SAR11/preprint/data/GENOMES/03_SAGs/GCA_902539445.1_AG-899-J23_genomic.fa","03_SAGs"
"120","include","GCA_902571015.1_AG-909-G08","GCA_902571015.1","Pachiadaki_2019","AG-909-G08","GCA_902571015.1_AG-909-G08","AG-909-G08","/tank/kfreel_data/SAR11_genomes/Freel_manu_SAR11/preprint/data/GENOMES/03_SAGs/GCA_902571015.1_AG-909-G08_genomic.fa","03_SAGs"
"121","include","HIMB1436","HIMB1436","this_study","HIMB1436","HIMB1436",NA,"/tank/SAR11_genomes/GenBank_submission/SAR11_genomes_7oct24/HIMB1436.fa","SAR11_genomes_7oct24"
"122","include","GCA_902596515.1_AG-916-A16","GCA_902596515.1","Pachiadaki_2019","AG-916-A16","GCA_902596515.1_AG-916-A16","AG-916-A16","/tank/kfreel_data/SAR11_genomes/Freel_manu_SAR11/preprint/data/GENOMES/03_SAGs/GCA_902596515.1_AG-916-A16_genomic.fa","03_SAGs"
"123","include","GCA_902524235.1_AG-337-C19","GCA_902524235.1","Pachiadaki_2019","AG-337-C19","GCA_902524235.1_AG-337-C19","AG-337-C19","/tank/kfreel_data/SAR11_genomes/Freel_manu_SAR11/preprint/data/GENOMES/03_SAGs/GCA_902524235.1_AG-337-C19_genomic.fa","03_SAGs"
"124","include","GCA_902560075.1_AG-905-M05","GCA_902560075.1","Pachiadaki_2019","AG-905-M05","GCA_902560075.1_AG-905-M05","AG-905-M05","/tank/kfreel_data/SAR11_genomes/Freel_manu_SAR11/preprint/data/GENOMES/03_SAGs/GCA_902560075.1_AG-905-M05_genomic.fa","03_SAGs"
"125","include","GCA_902583645.1_AG-430-N16","GCA_902583645.1","Pachiadaki_2019","AG-430-N16","GCA_902583645.1_AG-430-N16","AG-430-N16","/tank/kfreel_data/SAR11_genomes/Freel_manu_SAR11/preprint/data/GENOMES/03_SAGs/GCA_902583645.1_AG-430-N16_genomic.fa","03_SAGs"
"126","include","GCA_902536765.1_AG-349-I05","GCA_902536765.1","Pachiadaki_2019","AG-349-I05","GCA_902536765.1_AG-349-I05","AG-349-I05","/tank/kfreel_data/SAR11_genomes/Freel_manu_SAR11/preprint/data/GENOMES/03_SAGs/GCA_902536765.1_AG-349-I05_genomic.fa","03_SAGs"
"127","include","GCA_902636025.1_AG-916-B11","GCA_902636025.1","Pachiadaki_2019","AG-916-B11","GCA_902636025.1_AG-916-B11","AG-916-B11","/tank/kfreel_data/SAR11_genomes/Freel_manu_SAR11/preprint/data/GENOMES/03_SAGs/GCA_902636025.1_AG-916-B11_genomic.fa","03_SAGs"
"128","include","GCA_902581445.1_AG-911-K15","GCA_902581445.1","Pachiadaki_2019","AG-911-K15","GCA_902581445.1_AG-911-K15","AG-911-K15","/tank/kfreel_data/SAR11_genomes/Freel_manu_SAR11/preprint/data/GENOMES/03_SAGs/GCA_902581445.1_AG-911-K15_genomic.fa","03_SAGs"
"129","include","GCA_902580275.1_AG-911-N14","GCA_902580275.1","Pachiadaki_2019","AG-911-N14","GCA_902580275.1_AG-911-N14","AG-911-N14","/tank/kfreel_data/SAR11_genomes/Freel_manu_SAR11/preprint/data/GENOMES/03_SAGs/GCA_902580275.1_AG-911-N14_genomic.fa","03_SAGs"
"130","include","GCA_902582315.1_AG-430-I18","GCA_902582315.1","Pachiadaki_2019","AG-430-I18","GCA_902582315.1_AG-430-I18","AG-430-I18","/tank/kfreel_data/SAR11_genomes/Freel_manu_SAR11/preprint/data/GENOMES/03_SAGs/GCA_902582315.1_AG-430-I18_genomic.fa","03_SAGs"
"131","include","GCA_902560565.1_AG-404-B06","GCA_902560565.1","Pachiadaki_2019","AG-404-B06","GCA_902560565.1_AG-404-B06","AG-404-B06","/tank/kfreel_data/SAR11_genomes/Freel_manu_SAR11/preprint/data/GENOMES/03_SAGs/GCA_902560565.1_AG-404-B06_genomic.fa","03_SAGs"
"132","include","GCA_902625715.1_AH-287-O09","GCA_902625715.1","Pachiadaki_2019","AH-287-O09","GCA_902625715.1_AH-287-O09","AH-287-O09","/tank/kfreel_data/SAR11_genomes/Freel_manu_SAR11/preprint/data/GENOMES/03_SAGs/GCA_902625715.1_AH-287-O09_genomic.fa","03_SAGs"
"133","include","GCA_902601315.1_AG-917-E05","GCA_902601315.1","Pachiadaki_2019","AG-917-E05","GCA_902601315.1_AG-917-E05","AG-917-E05","/tank/kfreel_data/SAR11_genomes/Freel_manu_SAR11/preprint/data/GENOMES/03_SAGs/GCA_902601315.1_AG-917-E05_genomic.fa","03_SAGs"
"134","include","GCA_902592445.1_AG-914-P22","GCA_902592445.1","Pachiadaki_2019","AG-914-P22","GCA_902592445.1_AG-914-P22","AG-914-P22","/tank/kfreel_data/SAR11_genomes/Freel_manu_SAR11/preprint/data/GENOMES/03_SAGs/GCA_902592445.1_AG-914-P22_genomic.fa","03_SAGs"
"135","include","HIMB2305","HIMB2305","this_study","HIMB2305","HIMB2305",NA,"/tank/SAR11_genomes/GenBank_submission/SAR11_genomes_7oct24/HIMB2305.fa","SAR11_genomes_7oct24"
"136","include","RS40","GCA_902612405.1","Pachiadaki_2019","AG-918-G15","GCA_902612405.1_AG-918-G15","AG-918-G15","/tank/kfreel_data/SAR11_genomes/Freel_manu_SAR11/preprint/data/GENOMES/03_SAGs/GCA_902612405.1_AG-918-G15_genomic.fa","03_SAGs"
"137","include","GCA_902524595.1_AG-337-D16","GCA_902524595.1","Pachiadaki_2019","AG-337-D16","GCA_902524595.1_AG-337-D16","AG-337-D16","/tank/kfreel_data/SAR11_genomes/Freel_manu_SAR11/preprint/data/GENOMES/03_SAGs/GCA_902524595.1_AG-337-D16_genomic.fa","03_SAGs"
"138","include","GCA_902533775.1_AG-898-D09","GCA_902533775.1","Pachiadaki_2019","AG-898-D09","GCA_902533775.1_AG-898-D09","AG-898-D09","/tank/kfreel_data/SAR11_genomes/Freel_manu_SAR11/preprint/data/GENOMES/03_SAGs/GCA_902533775.1_AG-898-D09_genomic.fa","03_SAGs"
"139","include","GCA_902622245.1_AG-893-J08","GCA_902622245.1","Pachiadaki_2019","AG-893-J08","GCA_902622245.1_AG-893-J08","AG-893-J08","/tank/kfreel_data/SAR11_genomes/Freel_manu_SAR11/preprint/data/GENOMES/03_SAGs/GCA_902622245.1_AG-893-J08_genomic.fa","03_SAGs"
"140","include","GCA_902543485.1_AG-900-I13","GCA_902543485.1","Pachiadaki_2019","AG-900-I13","GCA_902543485.1_AG-900-I13","AG-900-I13","/tank/kfreel_data/SAR11_genomes/Freel_manu_SAR11/preprint/data/GENOMES/03_SAGs/GCA_902543485.1_AG-900-I13_genomic.fa","03_SAGs"
"141","include","GCA_902532525.1_AG-897-O16","GCA_902532525.1","Pachiadaki_2019","AG-897-O16","GCA_902532525.1_AG-897-O16","AG-897-O16","/tank/kfreel_data/SAR11_genomes/Freel_manu_SAR11/preprint/data/GENOMES/03_SAGs/GCA_902532525.1_AG-897-O16_genomic.fa","03_SAGs"
"142","include","GCA_902564385.1_AG-907-M07","GCA_902564385.1","Pachiadaki_2019","AG-907-M07","GCA_902564385.1_AG-907-M07","AG-907-M07","/tank/kfreel_data/SAR11_genomes/Freel_manu_SAR11/preprint/data/GENOMES/03_SAGs/GCA_902564385.1_AG-907-M07_genomic.fa","03_SAGs"
"143","include","GCA_902525935.1_AG-337-I10","GCA_902525935.1","Pachiadaki_2019","AG-337-I10","GCA_902525935.1_AG-337-I10","AG-337-I10","/tank/kfreel_data/SAR11_genomes/Freel_manu_SAR11/preprint/data/GENOMES/03_SAGs/GCA_902525935.1_AG-337-I10_genomic.fa","03_SAGs"
"144","include","GCA_902623495.1_AG-893-N07","GCA_902623495.1","Pachiadaki_2019","AG-893-N07","GCA_902623495.1_AG-893-N07","AG-893-N07","/tank/kfreel_data/SAR11_genomes/Freel_manu_SAR11/preprint/data/GENOMES/03_SAGs/GCA_902623495.1_AG-893-N07_genomic.fa","03_SAGs"
"145","include","GCA_902537055.1_AG-899-A06","GCA_902537055.1","Pachiadaki_2019","AG-899-A06","GCA_902537055.1_AG-899-A06","AG-899-A06","/tank/kfreel_data/SAR11_genomes/Freel_manu_SAR11/preprint/data/GENOMES/03_SAGs/GCA_902537055.1_AG-899-A06_genomic.fa","03_SAGs"
"146","include","GCA_902618205.1_AG-892-J03","GCA_902618205.1","Pachiadaki_2019","AG-892-J03","GCA_902618205.1_AG-892-J03","AG-892-J03","/tank/kfreel_data/SAR11_genomes/Freel_manu_SAR11/preprint/data/GENOMES/03_SAGs/GCA_902618205.1_AG-892-J03_genomic.fa","03_SAGs"
"147","include","GCA_902538525.1_AG-899-G03","GCA_902538525.1","Pachiadaki_2019","AG-899-G03","GCA_902538525.1_AG-899-G03","AG-899-G03","/tank/kfreel_data/SAR11_genomes/Freel_manu_SAR11/preprint/data/GENOMES/03_SAGs/GCA_902538525.1_AG-899-G03_genomic.fa","03_SAGs"
"148","include","GCA_902578885.1_AG-426-M19","GCA_902578885.1","Pachiadaki_2019","AG-426-M19","GCA_902578885.1_AG-426-M19","AG-426-M19","/tank/kfreel_data/SAR11_genomes/Freel_manu_SAR11/preprint/data/GENOMES/03_SAGs/GCA_902578885.1_AG-426-M19_genomic.fa","03_SAGs"
"149","include","GCA_902541285.1_AG-359-G17","GCA_902541285.1","Pachiadaki_2019","AG-359-G17","GCA_902541285.1_AG-359-G17","AG-359-G17","/tank/kfreel_data/SAR11_genomes/Freel_manu_SAR11/preprint/data/GENOMES/03_SAGs/GCA_902541285.1_AG-359-G17_genomic.fa","03_SAGs"
"150","include","GCA_902611845.1_AG-918-E02","GCA_902611845.1","Pachiadaki_2019","AG-918-E02","GCA_902611845.1_AG-918-E02","AG-918-E02","/tank/kfreel_data/SAR11_genomes/Freel_manu_SAR11/preprint/data/GENOMES/03_SAGs/GCA_902611845.1_AG-918-E02_genomic.fa","03_SAGs"
"151","include","GCA_902612605.1_AG-918-G22","GCA_902612605.1","Pachiadaki_2019","AG-918-G22","GCA_902612605.1_AG-918-G22","AG-918-G22","/tank/kfreel_data/SAR11_genomes/Freel_manu_SAR11/preprint/data/GENOMES/03_SAGs/GCA_902612605.1_AG-918-G22_genomic.fa","03_SAGs"
"152","include","GCA_902531175.1_AG-897-G09","GCA_902531175.1","Pachiadaki_2019","AG-897-G09","GCA_902531175.1_AG-897-G09","AG-897-G09","/tank/kfreel_data/SAR11_genomes/Freel_manu_SAR11/preprint/data/GENOMES/03_SAGs/GCA_902531175.1_AG-897-G09_genomic.fa","03_SAGs"
"153","include","GCA_902543575.1_AG-900-I19","GCA_902543575.1","Pachiadaki_2019","AG-900-I19","GCA_902543575.1_AG-900-I19","AG-900-I19","/tank/kfreel_data/SAR11_genomes/Freel_manu_SAR11/preprint/data/GENOMES/03_SAGs/GCA_902543575.1_AG-900-I19_genomic.fa","03_SAGs"
"154","include","GCA_902594705.1_AG-915-G14","GCA_902594705.1","Pachiadaki_2019","AG-915-G14","GCA_902594705.1_AG-915-G14","AG-915-G14","/tank/kfreel_data/SAR11_genomes/Freel_manu_SAR11/preprint/data/GENOMES/03_SAGs/GCA_902594705.1_AG-915-G14_genomic.fa","03_SAGs"
"155","include","GCA_902613065.1_AG-918-K13","GCA_902613065.1","Pachiadaki_2019","AG-918-K13","GCA_902613065.1_AG-918-K13","AG-918-K13","/tank/kfreel_data/SAR11_genomes/Freel_manu_SAR11/preprint/data/GENOMES/03_SAGs/GCA_902613065.1_AG-918-K13_genomic.fa","03_SAGs"
"156","include","GCA_902596975.1_AG-916-E19","GCA_902596975.1","Pachiadaki_2019","AG-916-E19","GCA_902596975.1_AG-916-E19","AG-916-E19","/tank/kfreel_data/SAR11_genomes/Freel_manu_SAR11/preprint/data/GENOMES/03_SAGs/GCA_902596975.1_AG-916-E19_genomic.fa","03_SAGs"
"157","include","GCA_902518165.1_AG-894-B06","GCA_902518165.1","Pachiadaki_2019","AG-894-B06","GCA_902518165.1_AG-894-B06","AG-894-B06","/tank/kfreel_data/SAR11_genomes/Freel_manu_SAR11/preprint/data/GENOMES/03_SAGs/GCA_902518165.1_AG-894-B06_genomic.fa","03_SAGs"
"158","include","GCA_902543295.1_AG-900-G16","GCA_902543295.1","Pachiadaki_2019","AG-900-G16","GCA_902543295.1_AG-900-G16","AG-900-G16","/tank/kfreel_data/SAR11_genomes/Freel_manu_SAR11/preprint/data/GENOMES/03_SAGs/GCA_902543295.1_AG-900-G16_genomic.fa","03_SAGs"
"159","include","GCA_902570695.1_AG-909-F14","GCA_902570695.1","Pachiadaki_2019","AG-909-F14","GCA_902570695.1_AG-909-F14","AG-909-F14","/tank/kfreel_data/SAR11_genomes/Freel_manu_SAR11/preprint/data/GENOMES/03_SAGs/GCA_902570695.1_AG-909-F14_genomic.fa","03_SAGs"
"160","include","GCA_902616245.1_AG-892-B11","GCA_902616245.1","Pachiadaki_2019","AG-892-B11","GCA_902616245.1_AG-892-B11","AG-892-B11","/tank/kfreel_data/SAR11_genomes/Freel_manu_SAR11/preprint/data/GENOMES/03_SAGs/GCA_902616245.1_AG-892-B11_genomic.fa","03_SAGs"
"161","include","GCA_902617415.1_AG-892-F15","GCA_902617415.1","Pachiadaki_2019","AG-892-F15","GCA_902617415.1_AG-892-F15","AG-892-F15","/tank/kfreel_data/SAR11_genomes/Freel_manu_SAR11/preprint/data/GENOMES/03_SAGs/GCA_902617415.1_AG-892-F15_genomic.fa","03_SAGs"
"162","include","GCA_902599665.1_AG-916-O20","GCA_902599665.1","Pachiadaki_2019","AG-916-O20","GCA_902599665.1_AG-916-O20","AG-916-O20","/tank/kfreel_data/SAR11_genomes/Freel_manu_SAR11/preprint/data/GENOMES/03_SAGs/GCA_902599665.1_AG-916-O20_genomic.fa","03_SAGs"
"163","include","GCA_902562645.1_AG-907-F09","GCA_902562645.1","Pachiadaki_2019","AG-907-F09","GCA_902562645.1_AG-907-F09","AG-907-F09","/tank/kfreel_data/SAR11_genomes/Freel_manu_SAR11/preprint/data/GENOMES/03_SAGs/GCA_902562645.1_AG-907-F09_genomic.fa","03_SAGs"
"164","include","GCA_902547535.1_AG-901-I06","GCA_902547535.1","Pachiadaki_2019","AG-901-I06","GCA_902547535.1_AG-901-I06","AG-901-I06","/tank/kfreel_data/SAR11_genomes/Freel_manu_SAR11/preprint/data/GENOMES/03_SAGs/GCA_902547535.1_AG-901-I06_genomic.fa","03_SAGs"
"165","include","GCA_902589395.1_AG-439-G13","GCA_902589395.1","Pachiadaki_2019","AG-439-G13","GCA_902589395.1_AG-439-G13","AG-439-G13","/tank/kfreel_data/SAR11_genomes/Freel_manu_SAR11/preprint/data/GENOMES/03_SAGs/GCA_902589395.1_AG-439-G13_genomic.fa","03_SAGs"
"166","include","GCA_902583075.1_AG-912-G22","GCA_902583075.1","Pachiadaki_2019","AG-912-G22","GCA_902583075.1_AG-912-G22","AG-912-G22","/tank/kfreel_data/SAR11_genomes/Freel_manu_SAR11/preprint/data/GENOMES/03_SAGs/GCA_902583075.1_AG-912-G22_genomic.fa","03_SAGs"
"167","include","GCA_902517495.1_AG-325-P23","GCA_902517495.1","Pachiadaki_2019","AG-325-P23","GCA_902517495.1_AG-325-P23","AG-325-P23","/tank/kfreel_data/SAR11_genomes/Freel_manu_SAR11/preprint/data/GENOMES/03_SAGs/GCA_902517495.1_AG-325-P23_genomic.fa","03_SAGs"
"168","include","GCA_902594335.1_AG-915-K07","GCA_902594335.1","Pachiadaki_2019","AG-915-K07","GCA_902594335.1_AG-915-K07","AG-915-K07","/tank/kfreel_data/SAR11_genomes/Freel_manu_SAR11/preprint/data/GENOMES/03_SAGs/GCA_902594335.1_AG-915-K07_genomic.fa","03_SAGs"
"169","include","GCA_902520695.1_AG-894-L17","GCA_902520695.1","Pachiadaki_2019","AG-894-L17","GCA_902520695.1_AG-894-L17","AG-894-L17","/tank/kfreel_data/SAR11_genomes/Freel_manu_SAR11/preprint/data/GENOMES/03_SAGs/GCA_902520695.1_AG-894-L17_genomic.fa","03_SAGs"
"170","include","GCA_902524115.1_AG-337-C14","GCA_902524115.1","Pachiadaki_2019","AG-337-C14","GCA_902524115.1_AG-337-C14","AG-337-C14","/tank/kfreel_data/SAR11_genomes/Freel_manu_SAR11/preprint/data/GENOMES/03_SAGs/GCA_902524115.1_AG-337-C14_genomic.fa","03_SAGs"
"171","include","GCA_902605865.1_AG-461-L09","GCA_902605865.1","Pachiadaki_2019","AG-461-L09","GCA_902605865.1_AG-461-L09","AG-461-L09","/tank/kfreel_data/SAR11_genomes/Freel_manu_SAR11/preprint/data/GENOMES/03_SAGs/GCA_902605865.1_AG-461-L09_genomic.fa","03_SAGs"
"172","include","GCA_902570125.1_AG-414-O09","GCA_902570125.1","Pachiadaki_2019","AG-414-O09","GCA_902570125.1_AG-414-O09","AG-414-O09","/tank/kfreel_data/SAR11_genomes/Freel_manu_SAR11/preprint/data/GENOMES/03_SAGs/GCA_902570125.1_AG-414-O09_genomic.fa","03_SAGs"
"173","include","GCA_902543155.1_AG-359-O02","GCA_902543155.1","Pachiadaki_2019","AG-359-O02","GCA_902543155.1_AG-359-O02","AG-359-O02","/tank/kfreel_data/SAR11_genomes/Freel_manu_SAR11/preprint/data/GENOMES/03_SAGs/GCA_902543155.1_AG-359-O02_genomic.fa","03_SAGs"
"174","include","GCA_902555275.1_AG-904-G21","GCA_902555275.1","Pachiadaki_2019","AG-904-G21","GCA_902555275.1_AG-904-G21","AG-904-G21","/tank/kfreel_data/SAR11_genomes/Freel_manu_SAR11/preprint/data/GENOMES/03_SAGs/GCA_902555275.1_AG-904-G21_genomic.fa","03_SAGs"
"175","include","GCA_902614055.1_AG-918-P10","GCA_902614055.1","Pachiadaki_2019","AG-918-P10","GCA_902614055.1_AG-918-P10","AG-918-P10","/tank/kfreel_data/SAR11_genomes/Freel_manu_SAR11/preprint/data/GENOMES/03_SAGs/GCA_902614055.1_AG-918-P10_genomic.fa","03_SAGs"
"176","include","GCA_902525505.1_AG-337-G04","GCA_902525505.1","Pachiadaki_2019","AG-337-G04","GCA_902525505.1_AG-337-G04","AG-337-G04","/tank/kfreel_data/SAR11_genomes/Freel_manu_SAR11/preprint/data/GENOMES/03_SAGs/GCA_902525505.1_AG-337-G04_genomic.fa","03_SAGs"
"177","include","GCA_902555585.1_AG-904-K03","GCA_902555585.1","Pachiadaki_2019","AG-904-K03","GCA_902555585.1_AG-904-K03","AG-904-K03","/tank/kfreel_data/SAR11_genomes/Freel_manu_SAR11/preprint/data/GENOMES/03_SAGs/GCA_902555585.1_AG-904-K03_genomic.fa","03_SAGs"
"178","include","GCA_902594675.1_AG-915-G13","GCA_902594675.1","Pachiadaki_2019","AG-915-G13","GCA_902594675.1_AG-915-G13","AG-915-G13","/tank/kfreel_data/SAR11_genomes/Freel_manu_SAR11/preprint/data/GENOMES/03_SAGs/GCA_902594675.1_AG-915-G13_genomic.fa","03_SAGs"
"179","include","GCA_902545635.1_AG-901-A07","GCA_902545635.1","Pachiadaki_2019","AG-901-A07","GCA_902545635.1_AG-901-A07","AG-901-A07","/tank/kfreel_data/SAR11_genomes/Freel_manu_SAR11/preprint/data/GENOMES/03_SAGs/GCA_902545635.1_AG-901-A07_genomic.fa","03_SAGs"
"180","include","GCA_902581585.1_AG-911-J19","GCA_902581585.1","Pachiadaki_2019","AG-911-J19","GCA_902581585.1_AG-911-J19","AG-911-J19","/tank/kfreel_data/SAR11_genomes/Freel_manu_SAR11/preprint/data/GENOMES/03_SAGs/GCA_902581585.1_AG-911-J19_genomic.fa","03_SAGs"
"181","include","GCA_902577075.1_AG-426-F15","GCA_902577075.1","Pachiadaki_2019","AG-426-F15","GCA_902577075.1_AG-426-F15","AG-426-F15","/tank/kfreel_data/SAR11_genomes/Freel_manu_SAR11/preprint/data/GENOMES/03_SAGs/GCA_902577075.1_AG-426-F15_genomic.fa","03_SAGs"
"182","include","GCA_902584995.1_AG-912-M06","GCA_902584995.1","Pachiadaki_2019","AG-912-M06","GCA_902584995.1_AG-912-M06","AG-912-M06","/tank/kfreel_data/SAR11_genomes/Freel_manu_SAR11/preprint/data/GENOMES/03_SAGs/GCA_902584995.1_AG-912-M06_genomic.fa","03_SAGs"
"183","include","GCA_902551985.1_AG-903-L07","GCA_902551985.1","Pachiadaki_2019","AG-903-L07","GCA_902551985.1_AG-903-L07","AG-903-L07","/tank/kfreel_data/SAR11_genomes/Freel_manu_SAR11/preprint/data/GENOMES/03_SAGs/GCA_902551985.1_AG-903-L07_genomic.fa","03_SAGs"
"184","include","GCA_902611265.1_AG-918-B06","GCA_902611265.1","Pachiadaki_2019","AG-918-B06","GCA_902611265.1_AG-918-B06","AG-918-B06","/tank/kfreel_data/SAR11_genomes/Freel_manu_SAR11/preprint/data/GENOMES/03_SAGs/GCA_902611265.1_AG-918-B06_genomic.fa","03_SAGs"
"185","include","GCA_902597335.1_AG-916-G09","GCA_902597335.1","Pachiadaki_2019","AG-916-G09","GCA_902597335.1_AG-916-G09","AG-916-G09","/tank/kfreel_data/SAR11_genomes/Freel_manu_SAR11/preprint/data/GENOMES/03_SAGs/GCA_902597335.1_AG-916-G09_genomic.fa","03_SAGs"
"186","include","GCA_902580675.1_AG-430-F16","GCA_902580675.1","Pachiadaki_2019","AG-430-F16","GCA_902580675.1_AG-430-F16","AG-430-F16","/tank/kfreel_data/SAR11_genomes/Freel_manu_SAR11/preprint/data/GENOMES/03_SAGs/GCA_902580675.1_AG-430-F16_genomic.fa","03_SAGs"
"187","include","GCA_902591755.1_AG-914-M14","GCA_902591755.1","Pachiadaki_2019","AG-914-M14","GCA_902591755.1_AG-914-M14","AG-914-M14","/tank/kfreel_data/SAR11_genomes/Freel_manu_SAR11/preprint/data/GENOMES/03_SAGs/GCA_902591755.1_AG-914-M14_genomic.fa","03_SAGs"
"188","include","GCA_902588835.1_AG-914-A09","GCA_902588835.1","Pachiadaki_2019","AG-914-A09","GCA_902588835.1_AG-914-A09","AG-914-A09","/tank/kfreel_data/SAR11_genomes/Freel_manu_SAR11/preprint/data/GENOMES/03_SAGs/GCA_902588835.1_AG-914-A09_genomic.fa","03_SAGs"
"189","include","GCA_902599625.1_AG-916-O13","GCA_902599625.1","Pachiadaki_2019","AG-916-O13","GCA_902599625.1_AG-916-O13","AG-916-O13","/tank/kfreel_data/SAR11_genomes/Freel_manu_SAR11/preprint/data/GENOMES/03_SAGs/GCA_902599625.1_AG-916-O13_genomic.fa","03_SAGs"
"190","include","GCA_902551755.1_AG-903-K07","GCA_902551755.1","Pachiadaki_2019","AG-903-K07","GCA_902551755.1_AG-903-K07","AG-903-K07","/tank/kfreel_data/SAR11_genomes/Freel_manu_SAR11/preprint/data/GENOMES/03_SAGs/GCA_902551755.1_AG-903-K07_genomic.fa","03_SAGs"
"191","include","GCA_902562205.1_AG-907-E04","GCA_902562205.1","Pachiadaki_2019","AG-907-E04","GCA_902562205.1_AG-907-E04","AG-907-E04","/tank/kfreel_data/SAR11_genomes/Freel_manu_SAR11/preprint/data/GENOMES/03_SAGs/GCA_902562205.1_AG-907-E04_genomic.fa","03_SAGs"
"192","include","GCA_902606115.1_AG-461-M18","GCA_902606115.1","Pachiadaki_2019","AG-461-M18","GCA_902606115.1_AG-461-M18","AG-461-M18","/tank/kfreel_data/SAR11_genomes/Freel_manu_SAR11/preprint/data/GENOMES/03_SAGs/GCA_902606115.1_AG-461-M18_genomic.fa","03_SAGs"
"193","include","GCA_902611815.1_AG-918-E06","GCA_902611815.1","Pachiadaki_2019","AG-918-E06","GCA_902611815.1_AG-918-E06","AG-918-E06","/tank/kfreel_data/SAR11_genomes/Freel_manu_SAR11/preprint/data/GENOMES/03_SAGs/GCA_902611815.1_AG-918-E06_genomic.fa","03_SAGs"
"194","include","GCA_902610315.1_AG-917-M15","GCA_902610315.1","Pachiadaki_2019","AG-917-M15","GCA_902610315.1_AG-917-M15","AG-917-M15","/tank/kfreel_data/SAR11_genomes/Freel_manu_SAR11/preprint/data/GENOMES/03_SAGs/GCA_902610315.1_AG-917-M15_genomic.fa","03_SAGs"
"195","include","GCA_902583455.1_AG-912-F23","GCA_902583455.1","Pachiadaki_2019","AG-912-F23","GCA_902583455.1_AG-912-F23","AG-912-F23","/tank/kfreel_data/SAR11_genomes/Freel_manu_SAR11/preprint/data/GENOMES/03_SAGs/GCA_902583455.1_AG-912-F23_genomic.fa","03_SAGs"
"196","include","GCA_902628495.1_AH-324-B10","GCA_902628495.1","Pachiadaki_2019","AH-324-B10","GCA_902628495.1_AH-324-B10","AH-324-B10","/tank/kfreel_data/SAR11_genomes/Freel_manu_SAR11/preprint/data/GENOMES/03_SAGs/GCA_902628495.1_AH-324-B10_genomic.fa","03_SAGs"
"197","include","GCA_902600485.1_AG-917-B07","GCA_902600485.1","Pachiadaki_2019","AG-917-B07","GCA_902600485.1_AG-917-B07","AG-917-B07","/tank/kfreel_data/SAR11_genomes/Freel_manu_SAR11/preprint/data/GENOMES/03_SAGs/GCA_902600485.1_AG-917-B07_genomic.fa","03_SAGs"
"198","include","GCA_902622545.1_AG-893-K09","GCA_902622545.1","Pachiadaki_2019","AG-893-K09","GCA_902622545.1_AG-893-K09","AG-893-K09","/tank/kfreel_data/SAR11_genomes/Freel_manu_SAR11/preprint/data/GENOMES/03_SAGs/GCA_902622545.1_AG-893-K09_genomic.fa","03_SAGs"
"199","include","GCA_000504625.1_ASM50462v1","GCA_000504625.1","Thrash_2014","AAA240-E13","GCA_000504625.1_ASM50462v1","ASM50462v1","/tank/kfreel_data/SAR11_genomes/Freel_manu_SAR11/preprint/data/GENOMES/03_SAGs/GCA_000504625.1_ASM50462v1_genomic.fa","01_SAR11_Thrash_fixed"
"200","include","GCA_000513055.1_ASM51305v1","GCA_000513055.1","Thrash_2014","AAA288-N07","GCA_000513055.1_ASM51305v1","ASM51305v1","/tank/kfreel_data/SAR11_genomes/Freel_manu_SAR11/preprint/data/GENOMES/03_SAGs/GCA_000513055.1_ASM51305v1_genomic.fa","01_SAR11_Thrash_fixed"
"201","include","GCA_000513075.1_ASM51307v1","GCA_000513075.1","Thrash_2014","AAA288-G21","GCA_000513075.1_ASM51307v1","ASM51307v1","/tank/kfreel_data/SAR11_genomes/Freel_manu_SAR11/preprint/data/GENOMES/03_SAGs/GCA_000513075.1_ASM51307v1_genomic.fa","01_SAR11_Thrash_fixed"
"202","include","GCA_000504605.1_ASM50460v1","GCA_000504605.1","Thrash_2014","AAA288-E13","GCA_000504605.1_ASM50460v1","ASM50460v1","/tank/kfreel_data/SAR11_genomes/Freel_manu_SAR11/preprint/data/GENOMES/03_SAGs/GCA_000504605.1_ASM50460v1_genomic.fa","01_SAR11_Thrash_fixed"
"203","include","GCA_902567835.1_AG-414-E02","GCA_902567835.1","Pachiadaki_2019","AG-414-E02","GCA_902567835.1_AG-414-E02","AG-414-E02","/tank/kfreel_data/SAR11_genomes/Freel_manu_SAR11/preprint/data/GENOMES/03_SAGs/GCA_902567835.1_AG-414-E02_genomic.fa","03_SAGs"
"204","include","GCA_902567685.1_AG-414-D07","GCA_902567685.1","Pachiadaki_2019","AG-414-D07","GCA_902567685.1_AG-414-D07","AG-414-D07","/tank/kfreel_data/SAR11_genomes/Freel_manu_SAR11/preprint/data/GENOMES/03_SAGs/GCA_902567685.1_AG-414-D07_genomic.fa","03_SAGs"
"205","include","GCA_902578155.1_AG-426-L23","GCA_902578155.1","Pachiadaki_2019","AG-426-L23","GCA_902578155.1_AG-426-L23","AG-426-L23","/tank/kfreel_data/SAR11_genomes/Freel_manu_SAR11/preprint/data/GENOMES/03_SAGs/GCA_902578155.1_AG-426-L23_genomic.fa","03_SAGs"
"206","include","GCA_902605035.1_AG-461-E04","GCA_902605035.1","Pachiadaki_2019","AG-461-E04","GCA_902605035.1_AG-461-E04","AG-461-E04","/tank/kfreel_data/SAR11_genomes/Freel_manu_SAR11/preprint/data/GENOMES/03_SAGs/GCA_902605035.1_AG-461-E04_genomic.fa","03_SAGs"
"207","include","GCA_902582345.1_AG-430-G14","GCA_902582345.1","Pachiadaki_2019","AG-430-G14","GCA_902582345.1_AG-430-G14","AG-430-G14","/tank/kfreel_data/SAR11_genomes/Freel_manu_SAR11/preprint/data/GENOMES/03_SAGs/GCA_902582345.1_AG-430-G14_genomic.fa","03_SAGs"
"208","include","GCA_902620585.1_AG-920-L18","GCA_902620585.1","Pachiadaki_2019","AG-920-L18","GCA_902620585.1_AG-920-L18","AG-920-L18","/tank/kfreel_data/SAR11_genomes/Freel_manu_SAR11/preprint/data/GENOMES/03_SAGs/GCA_902620585.1_AG-920-L18_genomic.fa","03_SAGs"
"209","include","GCA_902581795.1_AG-430-F03","GCA_902581795.1","Pachiadaki_2019","AG-430-F03","GCA_902581795.1_AG-430-F03","AG-430-F03","/tank/kfreel_data/SAR11_genomes/Freel_manu_SAR11/preprint/data/GENOMES/03_SAGs/GCA_902581795.1_AG-430-F03_genomic.fa","03_SAGs"
"210","include","GCA_902582665.1_AG-430-I06","GCA_902582665.1","Pachiadaki_2019","AG-430-I06","GCA_902582665.1_AG-430-I06","AG-430-I06","/tank/kfreel_data/SAR11_genomes/Freel_manu_SAR11/preprint/data/GENOMES/03_SAGs/GCA_902582665.1_AG-430-I06_genomic.fa","03_SAGs"
"211","include","GCA_902577615.1_AG-426-I15","GCA_902577615.1","Pachiadaki_2019","AG-426-I15","GCA_902577615.1_AG-426-I15","AG-426-I15","/tank/kfreel_data/SAR11_genomes/Freel_manu_SAR11/preprint/data/GENOMES/03_SAGs/GCA_902577615.1_AG-426-I15_genomic.fa","03_SAGs"
"212","include","GCA_902614835.1_AG-919-C22","GCA_902614835.1","Pachiadaki_2019","AG-919-C22","GCA_902614835.1_AG-919-C22","AG-919-C22","/tank/kfreel_data/SAR11_genomes/Freel_manu_SAR11/preprint/data/GENOMES/03_SAGs/GCA_902614835.1_AG-919-C22_genomic.fa","03_SAGs"
"213","include","GCA_902530635.1_AG-343-E17","GCA_902530635.1","Pachiadaki_2019","AG-343-E17","GCA_902530635.1_AG-343-E17","AG-343-E17","/tank/kfreel_data/SAR11_genomes/Freel_manu_SAR11/preprint/data/GENOMES/03_SAGs/GCA_902530635.1_AG-343-E17_genomic.fa","03_SAGs"
"214","include","GCA_902632445.1_AH-326-M23","GCA_902632445.1","Pachiadaki_2019","AH-326-M23","GCA_902632445.1_AH-326-M23","AH-326-M23","/tank/kfreel_data/SAR11_genomes/Freel_manu_SAR11/preprint/data/GENOMES/03_SAGs/GCA_902632445.1_AH-326-M23_genomic.fa","03_SAGs"
"215","include","GCA_902624195.1_AH-287-E19","GCA_902624195.1","Pachiadaki_2019","AH-287-E19","GCA_902624195.1_AH-287-E19","AH-287-E19","/tank/kfreel_data/SAR11_genomes/Freel_manu_SAR11/preprint/data/GENOMES/03_SAGs/GCA_902624195.1_AH-287-E19_genomic.fa","03_SAGs"
"216","include","GCA_902571095.1_AG-422-B23","GCA_902571095.1","Pachiadaki_2019","AG-422-B23","GCA_902571095.1_AG-422-B23","AG-422-B23","/tank/kfreel_data/SAR11_genomes/Freel_manu_SAR11/preprint/data/GENOMES/03_SAGs/GCA_902571095.1_AG-422-B23_genomic.fa","03_SAGs"
"217","include","GCA_902573425.1_AG-422-J20","GCA_902573425.1","Pachiadaki_2019","AG-422-J20","GCA_902573425.1_AG-422-J20","AG-422-J20","/tank/kfreel_data/SAR11_genomes/Freel_manu_SAR11/preprint/data/GENOMES/03_SAGs/GCA_902573425.1_AG-422-J20_genomic.fa","03_SAGs"
"218","include","GCA_902536385.1_AG-349-F22","GCA_902536385.1","Pachiadaki_2019","AG-349-F22","GCA_902536385.1_AG-349-F22","AG-349-F22","/tank/kfreel_data/SAR11_genomes/Freel_manu_SAR11/preprint/data/GENOMES/03_SAGs/GCA_902536385.1_AG-349-F22_genomic.fa","03_SAGs"
"219","include","GCA_902535255.1_AG-349-C11","GCA_902535255.1","Pachiadaki_2019","AG-349-C11","GCA_902535255.1_AG-349-C11","AG-349-C11","/tank/kfreel_data/SAR11_genomes/Freel_manu_SAR11/preprint/data/GENOMES/03_SAGs/GCA_902535255.1_AG-349-C11_genomic.fa","03_SAGs"
"220","include","GCA_902591045.1_AG-439-O05","GCA_902591045.1","Pachiadaki_2019","AG-439-O05","GCA_902591045.1_AG-439-O05","AG-439-O05","/tank/kfreel_data/SAR11_genomes/Freel_manu_SAR11/preprint/data/GENOMES/03_SAGs/GCA_902591045.1_AG-439-O05_genomic.fa","03_SAGs"
"221","include","GCA_902515705.1_AG-325-E20","GCA_902515705.1","Pachiadaki_2019","AG-325-E20","GCA_902515705.1_AG-325-E20","AG-325-E20","/tank/kfreel_data/SAR11_genomes/Freel_manu_SAR11/preprint/data/GENOMES/03_SAGs/GCA_902515705.1_AG-325-E20_genomic.fa","03_SAGs"
"222","include","GCA_902619675.1_AG-920-I07","GCA_902619675.1","Pachiadaki_2019","AG-920-I07","GCA_902619675.1_AG-920-I07","AG-920-I07","/tank/kfreel_data/SAR11_genomes/Freel_manu_SAR11/preprint/data/GENOMES/03_SAGs/GCA_902619675.1_AG-920-I07_genomic.fa","03_SAGs"
"223","include","GCA_902623395.1_AH-287-C13","GCA_902623395.1","Pachiadaki_2019","AH-287-C13","GCA_902623395.1_AH-287-C13","AH-287-C13","/tank/kfreel_data/SAR11_genomes/Freel_manu_SAR11/preprint/data/GENOMES/03_SAGs/GCA_902623395.1_AH-287-C13_genomic.fa","03_SAGs"
"224","include","GCA_902535465.1_AG-349-D08","GCA_902535465.1","Pachiadaki_2019","AG-349-D08","GCA_902535465.1_AG-349-D08","AG-349-D08","/tank/kfreel_data/SAR11_genomes/Freel_manu_SAR11/preprint/data/GENOMES/03_SAGs/GCA_902535465.1_AG-349-D08_genomic.fa","03_SAGs"
"225","include","GCA_902582155.1_AG-912-D10","GCA_902582155.1","Pachiadaki_2019","AG-912-D10","GCA_902582155.1_AG-912-D10","AG-912-D10","/tank/kfreel_data/SAR11_genomes/Freel_manu_SAR11/preprint/data/GENOMES/03_SAGs/GCA_902582155.1_AG-912-D10_genomic.fa","03_SAGs"
"226","include","GCA_902509665.1_AG-313-A04","GCA_902509665.1","Pachiadaki_2019","AG-313-A04","GCA_902509665.1_AG-313-A04","AG-313-A04","/tank/kfreel_data/SAR11_genomes/Freel_manu_SAR11/preprint/data/GENOMES/03_SAGs/GCA_902509665.1_AG-313-A04_genomic.fa","03_SAGs"
"227","include","GCA_902583585.1_AG-912-J06","GCA_902583585.1","Pachiadaki_2019","AG-912-J06","GCA_902583585.1_AG-912-J06","AG-912-J06","/tank/kfreel_data/SAR11_genomes/Freel_manu_SAR11/preprint/data/GENOMES/03_SAGs/GCA_902583585.1_AG-912-J06_genomic.fa","03_SAGs"
"228","include","GCA_902524945.1_AG-337-E15","GCA_902524945.1","Pachiadaki_2019","AG-337-E15","GCA_902524945.1_AG-337-E15","AG-337-E15","/tank/kfreel_data/SAR11_genomes/Freel_manu_SAR11/preprint/data/GENOMES/03_SAGs/GCA_902524945.1_AG-337-E15_genomic.fa","03_SAGs"
"229","include","GCA_902616145.1_AG-919-I13","GCA_902616145.1","Pachiadaki_2019","AG-919-I13","GCA_902616145.1_AG-919-I13","AG-919-I13","/tank/kfreel_data/SAR11_genomes/Freel_manu_SAR11/preprint/data/GENOMES/03_SAGs/GCA_902616145.1_AG-919-I13_genomic.fa","03_SAGs"
"230","include","GCA_902598735.1_AG-916-L09","GCA_902598735.1","Pachiadaki_2019","AG-916-L09","GCA_902598735.1_AG-916-L09","AG-916-L09","/tank/kfreel_data/SAR11_genomes/Freel_manu_SAR11/preprint/data/GENOMES/03_SAGs/GCA_902598735.1_AG-916-L09_genomic.fa","03_SAGs"
"231","include","GCA_902579115.1_AG-911-G13","GCA_902579115.1","Pachiadaki_2019","AG-911-G13","GCA_902579115.1_AG-911-G13","AG-911-G13","/tank/kfreel_data/SAR11_genomes/Freel_manu_SAR11/preprint/data/GENOMES/03_SAGs/GCA_902579115.1_AG-911-G13_genomic.fa","03_SAGs"
"232","include","GCA_902552345.1_AG-903-M21","GCA_902552345.1","Pachiadaki_2019","AG-903-M21","GCA_902552345.1_AG-903-M21","AG-903-M21","/tank/kfreel_data/SAR11_genomes/Freel_manu_SAR11/preprint/data/GENOMES/03_SAGs/GCA_902552345.1_AG-903-M21_genomic.fa","03_SAGs"
"233","include","GCA_902572345.1_AG-422-F15","GCA_902572345.1","Pachiadaki_2019","AG-422-F15","GCA_902572345.1_AG-422-F15","AG-422-F15","/tank/kfreel_data/SAR11_genomes/Freel_manu_SAR11/preprint/data/GENOMES/03_SAGs/GCA_902572345.1_AG-422-F15_genomic.fa","03_SAGs"
"234","include","GCA_902601705.1_AG-917-F18","GCA_902601705.1","Pachiadaki_2019","AG-917-F18","GCA_902601705.1_AG-917-F18","AG-917-F18","/tank/kfreel_data/SAR11_genomes/Freel_manu_SAR11/preprint/data/GENOMES/03_SAGs/GCA_902601705.1_AG-917-F18_genomic.fa","03_SAGs"
"235","include","GCA_902598125.1_AG-453-G04","GCA_902598125.1","Pachiadaki_2019","AG-453-G04","GCA_902598125.1_AG-453-G04","AG-453-G04","/tank/kfreel_data/SAR11_genomes/Freel_manu_SAR11/preprint/data/GENOMES/03_SAGs/GCA_902598125.1_AG-453-G04_genomic.fa","03_SAGs"
"236","include","GCA_902557775.1_AG-905-B19","GCA_902557775.1","Pachiadaki_2019","AG-905-B19","GCA_902557775.1_AG-905-B19","AG-905-B19","/tank/kfreel_data/SAR11_genomes/Freel_manu_SAR11/preprint/data/GENOMES/03_SAGs/GCA_902557775.1_AG-905-B19_genomic.fa","03_SAGs"
"237","include","GCA_902587515.1_AG-913-I14","GCA_902587515.1","Pachiadaki_2019","AG-913-I14","GCA_902587515.1_AG-913-I14","AG-913-I14","/tank/kfreel_data/SAR11_genomes/Freel_manu_SAR11/preprint/data/GENOMES/03_SAGs/GCA_902587515.1_AG-913-I14_genomic.fa","03_SAGs"
"238","include","GCA_902523185.1_AG-895-E15","GCA_902523185.1","Pachiadaki_2019","AG-895-E15","GCA_902523185.1_AG-895-E15","AG-895-E15","/tank/kfreel_data/SAR11_genomes/Freel_manu_SAR11/preprint/data/GENOMES/03_SAGs/GCA_902523185.1_AG-895-E15_genomic.fa","03_SAGs"
"239","include","GCA_902615435.1_AG-891-O15","GCA_902615435.1","Pachiadaki_2019","AG-891-O15","GCA_902615435.1_AG-891-O15","AG-891-O15","/tank/kfreel_data/SAR11_genomes/Freel_manu_SAR11/preprint/data/GENOMES/03_SAGs/GCA_902615435.1_AG-891-O15_genomic.fa","03_SAGs"
"240","include","GCA_902578315.1_AG-911-E05","GCA_902578315.1","Pachiadaki_2019","AG-911-E05","GCA_902578315.1_AG-911-E05","AG-911-E05","/tank/kfreel_data/SAR11_genomes/Freel_manu_SAR11/preprint/data/GENOMES/03_SAGs/GCA_902578315.1_AG-911-E05_genomic.fa","03_SAGs"
"241","include","GCA_902617025.1_AG-919-M05","GCA_902617025.1","Pachiadaki_2019","AG-919-M05","GCA_902617025.1_AG-919-M05","AG-919-M05","/tank/kfreel_data/SAR11_genomes/Freel_manu_SAR11/preprint/data/GENOMES/03_SAGs/GCA_902617025.1_AG-919-M05_genomic.fa","03_SAGs"
"242","include","GCA_902616675.1_AG-919-K20","GCA_902616675.1","Pachiadaki_2019","AG-919-K20","GCA_902616675.1_AG-919-K20","AG-919-K20","/tank/kfreel_data/SAR11_genomes/Freel_manu_SAR11/preprint/data/GENOMES/03_SAGs/GCA_902616675.1_AG-919-K20_genomic.fa","03_SAGs"
"243","include","GCA_902582165.1_AG-912-D17","GCA_902582165.1","Pachiadaki_2019","AG-912-D17","GCA_902582165.1_AG-912-D17","AG-912-D17","/tank/kfreel_data/SAR11_genomes/Freel_manu_SAR11/preprint/data/GENOMES/03_SAGs/GCA_902582165.1_AG-912-D17_genomic.fa","03_SAGs"
"244","include","GCA_902615715.1_AG-919-F21","GCA_902615715.1","Pachiadaki_2019","AG-919-F21","GCA_902615715.1_AG-919-F21","AG-919-F21","/tank/kfreel_data/SAR11_genomes/Freel_manu_SAR11/preprint/data/GENOMES/03_SAGs/GCA_902615715.1_AG-919-F21_genomic.fa","03_SAGs"
"245","include","GCA_902575095.1_AG-910-G11","GCA_902575095.1","Pachiadaki_2019","AG-910-G11","GCA_902575095.1_AG-910-G11","AG-910-G11","/tank/kfreel_data/SAR11_genomes/Freel_manu_SAR11/preprint/data/GENOMES/03_SAGs/GCA_902575095.1_AG-910-G11_genomic.fa","03_SAGs"
"246","include","GCA_902609855.1_AG-917-K20","GCA_902609855.1","Pachiadaki_2019","AG-917-K20","GCA_902609855.1_AG-917-K20","AG-917-K20","/tank/kfreel_data/SAR11_genomes/Freel_manu_SAR11/preprint/data/GENOMES/03_SAGs/GCA_902609855.1_AG-917-K20_genomic.fa","03_SAGs"
"247","include","GCA_902574035.1_AG-422-L15","GCA_902574035.1","Pachiadaki_2019","AG-422-L15","GCA_902574035.1_AG-422-L15","AG-422-L15","/tank/kfreel_data/SAR11_genomes/Freel_manu_SAR11/preprint/data/GENOMES/03_SAGs/GCA_902574035.1_AG-422-L15_genomic.fa","03_SAGs"
"248","include","GCA_902578115.1_AG-426-L15","GCA_902578115.1","Pachiadaki_2019","AG-426-L15","GCA_902578115.1_AG-426-L15","AG-426-L15","/tank/kfreel_data/SAR11_genomes/Freel_manu_SAR11/preprint/data/GENOMES/03_SAGs/GCA_902578115.1_AG-426-L15_genomic.fa","03_SAGs"
"249","include","GCA_902613915.1_AG-918-N23","GCA_902613915.1","Pachiadaki_2019","AG-918-N23","GCA_902613915.1_AG-918-N23","AG-918-N23","/tank/kfreel_data/SAR11_genomes/Freel_manu_SAR11/preprint/data/GENOMES/03_SAGs/GCA_902613915.1_AG-918-N23_genomic.fa","03_SAGs"
"250","include","HIMB58","HIMB58","prev_ref","HIMB58","HIMB58",NA,"/tank/kfreel_data/SAR11_genomes/Freel_manu_SAR11/01_SAR11_refs_fixed/HIMB058_headers_fixed.fa","01_SAR11_refs_fixed"
"251","include","GCA_902597175.1_AG-916-E17","GCA_902597175.1","Pachiadaki_2019","AG-916-E17","GCA_902597175.1_AG-916-E17","AG-916-E17","/tank/kfreel_data/SAR11_genomes/Freel_manu_SAR11/preprint/data/GENOMES/03_SAGs/GCA_902597175.1_AG-916-E17_genomic.fa","03_SAGs"
"252","include","GCA_902585045.1_AG-912-P19","GCA_902585045.1","Pachiadaki_2019","AG-912-P19","GCA_902585045.1_AG-912-P19","AG-912-P19","/tank/kfreel_data/SAR11_genomes/Freel_manu_SAR11/preprint/data/GENOMES/03_SAGs/GCA_902585045.1_AG-912-P19_genomic.fa","03_SAGs"
"253","include","GCA_902620525.1_AG-920-L07","GCA_902620525.1","Pachiadaki_2019","AG-920-L07","GCA_902620525.1_AG-920-L07","AG-920-L07","/tank/kfreel_data/SAR11_genomes/Freel_manu_SAR11/preprint/data/GENOMES/03_SAGs/GCA_902620525.1_AG-920-L07_genomic.fa","03_SAGs"
"254","include","GCA_902539745.1_AG-359-B04","GCA_902539745.1","Pachiadaki_2019","AG-359-B04","GCA_902539745.1_AG-359-B04","AG-359-B04","/tank/kfreel_data/SAR11_genomes/Freel_manu_SAR11/preprint/data/GENOMES/03_SAGs/GCA_902539745.1_AG-359-B04_genomic.fa","03_SAGs"
"255","include","GCA_902567495.1_AG-414-B15","GCA_902567495.1","Pachiadaki_2019","AG-414-B15","GCA_902567495.1_AG-414-B15","AG-414-B15","/tank/kfreel_data/SAR11_genomes/Freel_manu_SAR11/preprint/data/GENOMES/03_SAGs/GCA_902567495.1_AG-414-B15_genomic.fa","03_SAGs"
"256","include","GCA_902613545.1_AG-918-M15","GCA_902613545.1","Pachiadaki_2019","AG-918-M15","GCA_902613545.1_AG-918-M15","AG-918-M15","/tank/kfreel_data/SAR11_genomes/Freel_manu_SAR11/preprint/data/GENOMES/03_SAGs/GCA_902613545.1_AG-918-M15_genomic.fa","03_SAGs"
"257","include","GCA_902590505.1_AG-914-J05","GCA_902590505.1","Pachiadaki_2019","AG-914-J05","GCA_902590505.1_AG-914-J05","AG-914-J05","/tank/kfreel_data/SAR11_genomes/Freel_manu_SAR11/preprint/data/GENOMES/03_SAGs/GCA_902590505.1_AG-914-J05_genomic.fa","03_SAGs"
"258","include","GCA_014654415.1_SAG-MED05","GCA_014654415.1","Haro-Moreno_2020","SAG-MED05","GCA_014654415.1_SAG-MED05","SAG-MED05","/tank/kfreel_data/SAR11_genomes/Freel_manu_SAR11/preprint/data/GENOMES/03_SAGs/GCA_014654415.1_ASM1465441v1_genomic.fa","03_SAGs"
"259","include","GCA_014653835.1_SAG-MED28","GCA_014653835.1","Haro-Moreno_2020","SAG-MED28","GCA_014653835.1_SAG-MED28","SAG-MED28","/tank/kfreel_data/SAR11_genomes/Freel_manu_SAR11/preprint/data/GENOMES/03_SAGs/GCA_014653835.1_ASM1465383v1_genomic.fa","03_SAGs"
"260","include","GCA_902572605.1_AG-909-N22","GCA_902572605.1","Pachiadaki_2019","AG-909-N22","GCA_902572605.1_AG-909-N22","AG-909-N22","/tank/kfreel_data/SAR11_genomes/Freel_manu_SAR11/preprint/data/GENOMES/03_SAGs/GCA_902572605.1_AG-909-N22_genomic.fa","03_SAGs"
"261","include","GCA_902578935.1_AG-426-O05","GCA_902578935.1","Pachiadaki_2019","AG-426-O05","GCA_902578935.1_AG-426-O05","AG-426-O05","/tank/kfreel_data/SAR11_genomes/Freel_manu_SAR11/preprint/data/GENOMES/03_SAGs/GCA_902578935.1_AG-426-O05_genomic.fa","03_SAGs"
"262","include","IMCC9063","IMCC9063","prev_ref","IMCC9063","IMCC9063",NA,"/tank/kfreel_data/SAR11_genomes/Freel_manu_SAR11/01_SAR11_refs_fixed/IMCC9063_headers_fixed.fa","01_SAR11_refs_fixed"
"263","include","GCA_902576735.1_AG-910-M21","GCA_902576735.1","Pachiadaki_2019","AG-910-M21","GCA_902576735.1_AG-910-M21","AG-910-M21","/tank/kfreel_data/SAR11_genomes/Freel_manu_SAR11/preprint/data/GENOMES/03_SAGs/GCA_902576735.1_AG-910-M21_genomic.fa","03_SAGs"
"264","include","GCA_902524955.1_AG-895-L23","GCA_902524955.1","Pachiadaki_2019","AG-895-L23","GCA_902524955.1_AG-895-L23","AG-895-L23","/tank/kfreel_data/SAR11_genomes/Freel_manu_SAR11/preprint/data/GENOMES/03_SAGs/GCA_902524955.1_AG-895-L23_genomic.fa","03_SAGs"
"265","include","LSUCC0530","LSUCC0530","prev_ref","LSUCC0530","LSUCC0530",NA,"/tank/kfreel_data/SAR11_genomes/Freel_manu_SAR11/01_SAR11_refs_fixed/LSUCC0530_headers_fixed.fa","01_SAR11_refs_fixed"
"266","include","GCA_902561155.1_AG-404-C23","GCA_902561155.1","Pachiadaki_2019","AG-404-C23","GCA_902561155.1_AG-404-C23","AG-404-C23","/tank/kfreel_data/SAR11_genomes/Freel_manu_SAR11/preprint/data/GENOMES/03_SAGs/GCA_902561155.1_AG-404-C23_genomic.fa","03_SAGs"
"267","include","HIMB114","HIMB114","prev_ref","HIMB114","HIMB114",NA,"/tank/kfreel_data/SAR11_genomes/Freel_manu_SAR11/01_SAR11_refs_fixed/HIMB114_headers_fixed.fa","01_SAR11_refs_fixed"
"268","include","GCA_902576855.1_AG-426-E17","GCA_902576855.1","Pachiadaki_2019","AG-426-E17","GCA_902576855.1_AG-426-E17","AG-426-E17","/tank/kfreel_data/SAR11_genomes/Freel_manu_SAR11/preprint/data/GENOMES/03_SAGs/GCA_902576855.1_AG-426-E17_genomic.fa","03_SAGs"
